drug_name,age,sex,weight,disease_status,dosage,dose_duration,comorbidities,lifestyle_factors,pregnancy,ast(10-40),alt(5-30),alp(150-280),adr,symptoms,suggestions
Isoniazid,5,M,16kg,Tuberculosis,160mg,6months,none,none,none,40,30,280,"drug induced hepatotoxicity, gastrointestinal distress, hematologic effects, hepatitis","Jaundice, Elevated liver enzymes, Nausea, Vomiting, Abdominal pain, Diarrhea, Dyspepsia, Gastritis, Mouth ulceration, Abdominal discomfort, Dry mouth, Gastrointestinal pain, Malena","Liver Function Monitoring (AST, ALT, Bilirubin), Vitamin B6 (Pyridoxine) 10â€“25 mg/day, Proton Pump Inhibitors for Gastrointestinal Protection, Antacids if needed, Low-dose H2 blockers, Alginate-based therapy safe with INH"
Isoniazid,8,F,20kg,Latent Tuberculosis,200mg,7months,iron deficiency anemia,occasional second-hand smoker,none,50,40,290,"drug induced hepatitis, peripheral neuropathy, anemia","Jaundice, Fatigue, Tingling in hands/feet, Weakness, Pallor, Numbness, Weight loss","Immediate AST/ALT monitoring, Reduce INH dose if necessary, Vitamin B6 (25mg/day), Iron supplementation for anemia, Discontinue if AST/ALT >5x ULN"
Isoniazid,12,M,35kg,Active Tuberculosis,300mg,8 months,diabetes,smoker,none,70,55,310,"severe hepatotoxicity, neuropathy, hyperglycemia","Severe jaundice, Vomiting, Severe fatigue, Hand/foot burning sensation, Hyperglycemia, Dizziness","Stop Isoniazid immediately, Switch to Rifampin-based therapy, IV hydration, Vitamin B6 50mg/day, Manage diabetes with insulin adjustments"
Isoniazid,6,F,18kg,Tuberculosis,180mg,6 months,malnutrition,poor diet,none,45,35,260,"drug induced hepatotoxicity, vitamin B6 deficiency, gastrointestinal effects","Nausea, Abdominal pain, Diarrhea, Burning sensation in feet, Low energy, Weight loss","Increase Vitamin B6 to 25 mg/day, Dietary improvement with high-protein intake, Regular AST/ALT monitoring"
Isoniazid,25,F,55kg,Multidrug-resistant tuberculosis (MDR-TB),300mg,9months,hypertension,non-smoker,pregnant (1st trimester),30,25,270,"mild hepatotoxicity, peripheral neuropathy, pregnancy complications","Nausea, Tingling in hands, Morning sickness, Dizziness","Monitor liver function every 2 weeks, Ensure adequate Pyridoxine (50 mg/day) to prevent neuropathy, Monitor fetal growth, Adjust hypertension medication as needed"
Isoniazid,15,M,50kg,Latent tuberculosis,300mg,6 months,obesity,high-fat diet,none,60,50,300,"drug induced hepatotoxicity, fatty liver disease","Fatigue, Abdominal discomfort, Increased liver enzymes, Mild jaundice","Lifestyle modifications (weight loss, low-fat diet), Frequent AST/ALT checks, Consider lower INH dose if hepatotoxicity progresses"
Isoniazid,3,M,12kg,Active tuberculosis,120mg,6 months,none,none,none,38,28,250,"mild gastrointestinal distress, vitamin B6 deficiency","Mild nausea, Vomiting, Loss of appetite, Tingling in fingers","Ensure proper nutrition, Give Vitamin B6 (10mg/day), Administer INH with small meals to reduce nausea"
Isoniazid,35,M,65kg,Active tuberculosis,300mg,6 months,Diabetes,Smoking,none,25,15,200,Respiratory disorder,"Chronic cough with blood,Shortness of breath, fatigue", regular liver function tests
Rifampicin,42,F,70kg,Latent tuberculosis,600mg,4 months,Hypertension,Alcohol,none,30,20,250,none,"Rash,Severe fatigue, night sweats, loss of appetite","Monitor liver function, avoid alcohol, ensure hydration"
